2083:,Cr33,FINKUGIZ",Ih,HORNED FROGS,QUENTIN JOHNSTON,9,105,sooneas,
2083:,Cr33,FINKUGIZ",Ih,HORNED FROGS,QUENTIN JOHNSTON,9,105,sooneas,
{083:,Ec,CAr3,PINNAELE",Ju,IM,HORNED FROGS,QUENTIN JOHNSTON,10,SOONERS,
09k,7,RC,Ca05,H   0,T,G  n | (,F+,MALCOLM RODRIGUEZ,L | 0 N $,L,
{083:,Ec,CAr3,PINNAELE",Ju,IM,HORNED FROGS,QUENTIN JOHNSTON,10,SOONERS,
SCORF,Rookie,RCL,DAVID,NJOKU,CARD,TE,UNIVERSITY OF MIAMI,5 [ 0 R E C A R D,
SCORF,Rookie,RCL,DAVID,NJOKU,CARD,TE,UNIVERSITY OF MIAMI,5 [ 0 R E C A R D,
SCORF,Rookie,RCL,DAVID,NJOKU,CARD,TE,UNIVERSITY OF MIAMI,5 [ 0 R E C A R D,
SCORF,Rookie,RCL,DAVID,NJOKU,CARD,TE,UNIVERSITY OF MIAMI,5 [ 0 R E C A R D,
SCORF,Rookie,RCL,DAVID,NJOKU,CARD,TE,UNIVERSITY OF MIAMI,5 [ 0 R E C A R D,
SCORF,Rookie,RCL,DAVID,NJOKU,CARD,TE,UNIVERSITY OF MIAMI,5 [ 0 R E C A R D,
SCORF,Rookie,RCL,DAVID,NJOKU,CARD,TE,UNIVERSITY OF MIAMI,5 [ 0 R E C A R D,
SCORF,Rookie,RCL,DAVID,NJOKU,CARD,TE,UNIVERSITY OF MIAMI,5 [ 0 R E C A R D,
SCORF,Rookie,RCL,DAVID,NJOKU,CARD,TE,UNIVERSITY OF MIAMI,5 [ 0 R E C A R D,
SCORF,Rookie,RCL,DAVID,NJOKU,CARD,TE,UNIVERSITY OF MIAMI,5 [ 0 R E C A R D,
SCORF,Rookie,RCL,DAVID,NJOKU,CARD,TE,UNIVERSITY OF MIAMI,5 [ 0 R E C A R D,
SCORECARD

SCORECARD

—

RiLLS

AIDAN HUTCHINSON

Gotti pe

Ss. =£ = + Bae

<—

TONEY

WIDE RECEIVER

a

Gol tp

{083:,Ec,CAr3,PINNAELE",Ju,IM,HORNED FROGS,QUENTIN JOHNSTON,10,SOONERS,
SCOPE,RooKie,RC,CARD,WR,KkwYurh,UETS,GARRETT WILSON,Maeeyy,Yobr,
{083:,Ec,CAr3,PINNAELE",Ju,IM,HORNED FROGS,QUENTIN JOHNSTON,10,SOONERS,
{083:,Ec,CAr3,PINNAELE",Ju,IM,HORNED FROGS,QUENTIN JOHNSTON,10,SOONERS,
{083:,Ec,CAr3,PINNAELE",Ju,IM,HORNED FROGS,QUENTIN JOHNSTON,10,SOONERS,
{083:,Ec,CAr3,PINNAELE",Ju,IM,HORNED FROGS,QUENTIN JOHNSTON,10,SOONERS,
{083:,Ec,CAr3,PINNAELE",Ju,IM,HORNED FROGS,QUENTIN JOHNSTON,10,SOONERS,
2083:,Ec,CAr3,PINNAELE",Ju,IM,HORNED FROGS,QUENTIN JOHNSTON,10,SOONERS,
2083:,Ec,CAr3,PINNAELE",Ju,IM,HORNED FROGS,QUENTIN JOHNSTON,10,SOONERS,
2083:,Ec,CAr3,PINNAELE",Ju,IM,HORNED FROGS,QUENTIN JOHNSTON,10,SOONERS,
SCOPE,RooKie,RC,CARD,WR,KkwYurh,UETS,GARRETT WILSON,Maeeyy,Yobr,
SCOPE,RooKie,RC,CARD,WR,KkwYurh,UETS,GARRETT WILSON,Maeeyy,Yobr,
